id,series,series_label,series_note,gaps,ciic,cisp,cisp_url,cisp_url_state,title,place,county,keeper,geo_raw,gazetteer,status
W-BRE-003,,numbered,extant and catalogued,findspot hedged,345,YFLL2/1,https://www.ucl.ac.uk/archaeology/cisp/database/stone/yfll2_1.html,ok,Ystradfellte,,Brecknockshire,Cyfarthfa Museum,"51.809528, -3.553209",https://historicplacenames.rcahmw.gov.uk/placenames/recordedname/91839515-f596-49c4-9687-644651f5b094 | https://historicplacenames.rcahmw.gov.uk/placenames/recordedname/6d25abb9-918e-4aca-98ce-9c921395aec5,qualified
I-COR-009,,numbered,extant and catalogued,findspot hedged,61,BIISL/1,https://www.ucl.ac.uk/archaeology/cisp/database/stone/biisl_1.html,ok,Oileán an Easpaig | Bishop’s Island,Bishop’s Island,Co. Cork,University College Cork,"52.004, -8.358",https://www.logainm.ie/ga/10395,qualified
I-COR-020,,numbered,extant and catalogued,findspot hedged,72,AUTAG/1,https://www.ucl.ac.uk/archaeology/cisp/database/stone/autag_1.html,ok,Alltach | Aultagh,Aultagh,Co. Cork,,"51.770030, -9.09023",https://www.logainm.ie/ga/9686,qualified
I-FER-001,,numbered,extant and catalogued,no edition text,315,TMOUN/1,https://www.ucl.ac.uk/archaeology/cisp/database/stone/tmoun_1.html,identifier form,Mullach an Chnoic | Topped Mountain,Topped Mountain (also Toppid Mountain),Co. Fermanagh,"Ulster Museum, Belfast","54.3594, -7.5217",https://www.logainm.ie/en/121032,asserted
I-KER-034,,numbered,extant and catalogued,findspot hedged,166,BLHER/1,https://www.ucl.ac.uk/archaeology/cisp/database/stone/blher_1.html,identifier form,Baile an Bhóthair | Ballinvoher,Rathduff? Ballyandreen?,Co. Kerry,National Museum of Ireland,"52.168473 , -10.028213 (possible orig loc)",,qualified
I-KER-042,,numbered,extant and catalogued,findspot; no edition text,174,,,empty,Brandon Mountain,,Co. Kerry,,,,missing
I-KER-043,,numbered,extant and catalogued,findspot,175,BRHAM/1,https://www.ucl.ac.uk/archaeology/cisp/database/stone/brham_1.html,identifier form,Baile an Ghóilín | Burnham,Burnham East,Co. Kerry,,(original provenance is unrecorded),https://www.logainm.ie/en/22609,textual_only
I-KER-057,,numbered,extant and catalogued,no edition text,189,KINET/2,https://www.ucl.ac.uk/archaeology/cisp/database/stone/kinet_2.html,identifier form,Cinn Aird | Kinard East 2,Kinard East (Cinn Aird),Co. Kerry,,"52.12626, -10.19661",,asserted
I-KER-084,,numbered,extant and catalogued,findspot hedged,214,KLGOB/1,https://www.ucl.ac.uk/archaeology/cisp/database/stone/klgob_1.html,identifier form,Cill Ghobnait |Kilgobnet,Kilgobnet (Cill Ghobnait),Co. Kerry,,"52.063009 , -9.722075 (possible original location)",,qualified
I-KER-120,,numbered,extant and catalogued,findspot hedged,248,BAWGL/1,https://www.ucl.ac.uk/archaeology/cisp/database/stone/bawgl_1.html,identifier form,Bán an Ghleanna | Bawnaglanna,Bawnaglanna (Bán an Ghleanna),Co. Kerry,,"52.153985 , -9.443458 (approximate)",,qualified
I-KER-133,,numbered,extant and catalogued,no edition text,1085,RTHKE/3,https://www.ucl.ac.uk/archaeology/cisp/database/stone/rthke_3.html,identifier form,Ráth Cionaoith | Rathkenny 3,Rathkenny (Ráth Cionaoith),Co. Kerry,,"52.333343, -9.721501",,asserted
I-KER-145,,numbered,extant and catalogued,no edition text,,,,empty,Tiobraid Bheag | Tubrid Beg,Tubrid Beg,Co. Kerry,,"52.319706, -9.724260",,asserted
I-KER-149,,numbered,extant and catalogued,no edition text,,,,empty,Cill Mhaoile Theas | Kilmoyly South,Kilmoyly South (Cill Mhaoile Theas),Co. Kerry,,"52.376725, -9.772241",,asserted
I-KER-150,,numbered,extant and catalogued,no edition text,,,,empty,Formaoil |Fermoyle,Fermoyle,Co. Kerry,Kerry County Museum,"52.244086, -10.144093",https://www.logainm.ie/en/22772,asserted
I-KER-152,,numbered,extant and catalogued,no edition text,,,,empty,Ballyvelly,Ballyvelly,Co. Kerry,,"52.263227, -9.729227",,asserted
I-KER-153,,numbered,extant and catalogued,findspot,,,,empty,Unknown (Dunraven Collection),,Co. Kerry,,,,missing
S-DGY-001,,numbered,extant and catalogued,no edition text,,LONAW/1,https://www.ucl.ac.uk/archaeology/cisp/database/stone/lonaw_1.html,none,Lochnaw,Leswalt,Dumfries and Galloway,Dumfries Museum,"54.912222, -5.137222",,asserted
S-SHE-005,,numbered,extant and catalogued,no edition text,,STNIN/2,http://www.ucl.ac.uk/archaeology/cisp/database/stone/stnin_2.html,ok,St Ninian's Isle 2,Dunrossness,Shetland,National Museums of Scotland,"59.971389, -1.341667",,asserted
S-SHE-006,,numbered,extant and catalogued,no edition text,,STNIN/3,http://www.ucl.ac.uk/archaeology/cisp/database/stone/stnin_3.html,ok,St Ninian's Isle 3,Dunrossness,Shetland,National Museums of Scotland,"59.971389, -1.341667",,asserted
S-SHE-008,,numbered,extant and catalogued,no edition text,,CBURG/3,http://www.ucl.ac.uk/archaeology/cisp/database/stone/cburg_3.html,ok,Cunningsburgh 3,Dunrossness,Shetland,,"60.033611, -1.224722",,asserted
E-STS-001,,numbered,extant and catalogued,no edition text,,,,none,Uttoxeter,Uttoxeter,Staffordshire,,"52.8983, -1.8678",,asserted
I-COR-L11,L,lost,stone gone; the findspot may still be recorded,no edition text,78,COOLN/1,https://www.ucl.ac.uk/archaeology/cisp/database/stone/cooln_1.html,none,Cúil Eoghain | Coolowen,Coolowen,Co. Cork,,"51.955391, -8.534280",https://www.logainm.ie/ga/9671,asserted
I-FER-L01,L,lost,stone gone; the findspot may still be recorded,no edition text,,,,none,Drumnarullagh,Drumnarullagh,Co. Fermanagh,,"54.524002, -7.7184727",,asserted
I-KER-L01,L,lost,stone gone; the findspot may still be recorded,no edition text,154A,BALIG/8,https://www.ucl.ac.uk/archaeology/cisp/database/stone/balig_8.html,identifier form,Baile an Reannaigh | Ballinrannig 8?,Ballinrannig,Co. Kerry,,"52.1788, -10.3879",https://www.logainm.ie/en/22741,asserted
I-KER-L02,L,lost,stone gone; the findspot may still be recorded,findspot; no edition text,,,,empty,An Baile Íochtarach | Ballyeightragh,,Co. Kerry,,,,missing
I-KER-L03,L,lost,stone gone; the findspot may still be recorded,findspot; no edition text,,,,empty,Baile an Ghóilín | Burnham,Burnham East (Baile an Ghóilín),Co. Kerry,,,,missing
I-KER-L04,L,lost,stone gone; the findspot may still be recorded,findspot; no edition text,,,,empty,Coolnagoppoge,Coolnagoppoge,Co. Kerry,,,,missing
I-KER-L05,L,lost,stone gone; the findspot may still be recorded,findspot; no edition text,237,,,empty,Cill Urlaí | Killurly 2,Killurly (Cill Urlaí),Co. Kerry,,,,missing
I-KER-L06,L,lost,stone gone; the findspot may still be recorded,findspot; no edition text,,,,empty,An Lóthar | Loher,Loher (An Lóthar),Co. Kerry,,,,missing
I-KER-L07,L,lost,stone gone; the findspot may still be recorded,findspot,242A,PARAR/2,https://www.ucl.ac.uk/archaeology/cisp/database/stone/parar_2.html,identifier form,Páirc an Mhóinéir | Parkavonear 2,Parkavonear (Páirc an Mhóinéir),Co. Kerry,,,,missing
I-KER-L09,L,lost,stone gone; the findspot may still be recorded,no edition text,,RFILD/6,https://www.ucl.ac.uk/archaeology/cisp/database/stone/rfild_6.html,identifier form,Gort na Cloiche Meánach | Rockfield Middle 6,Rockfield Middle (Gort na Cloiche Meánach),Co. Kerry,,"52.128322, -9.630876",,asserted
I-KER-L10,L,lost,stone gone; the findspot may still be recorded,no edition text,,,,empty,Ard Uí Mhánaigh | Ardywanig,Ardywanig (Ard Uí Mhánaigh),Co. Kerry,,"52.146311, -9.657641",,asserted
I-KER-L11,L,lost,stone gone; the findspot may still be recorded,findspot; no edition text,,,,empty,Castleconway,Castleconway,Co. Kerry,,,,missing
I-FER-X01,X,doubtful,"uncertain findspot, or not accepted as ogham",no edition text,,,,none,Ballydoolagh,Ballydoolaghh,Co. Fermanagh,National Museum of Ireland,"54.38069, -7.56255",https://www.logainm.ie/en/61181,asserted
I-KER-X01,X,doubtful,"uncertain findspot, or not accepted as ogham",findspot; no edition text,,,,empty,Bushmount,Bushmount,Co. Kerry,,findspot uncertain,,textual_only
I-KER-X02,X,doubtful,"uncertain findspot, or not accepted as ogham",findspot; no edition text,,,,empty,PÁIRC AN TEAMPAILL,,Co. Kerry,,,,missing
I-KER-X03,X,doubtful,"uncertain findspot, or not accepted as ogham",findspot; no edition text,,,,empty,Clonsharagh,Clonsharagh,Co. Kerry,,,,missing
I-KER-X04,X,doubtful,"uncertain findspot, or not accepted as ogham",findspot,,,,empty,Gortacurraun,Gortacurraun,Co. Kerry,,,,missing
I-KER-X05,X,doubtful,"uncertain findspot, or not accepted as ogham",findspot; no edition text,,,,empty,Vicarstown,Vicarstown,Co. Kerry,,,,missing
I-KER-X06,X,doubtful,"uncertain findspot, or not accepted as ogham",findspot; no edition text,,,,empty,An Mhangarta | Mangerton,Mangerton (An Mhangarta),Co. Kerry,,,,missing
I-KER-X07,X,doubtful,"uncertain findspot, or not accepted as ogham",findspot; no edition text,,,,empty,An Doirín | Derreen,Derreen (An Doirín),Co. Kerry,,,,missing
I-KER-X08,X,doubtful,"uncertain findspot, or not accepted as ogham",findspot; no edition text,,,,empty,An Leathfhearann Theas | Laharan South 1,Laharan South (An Leathfhearann Theas),Co. Kerry,,,,missing
I-KER-X09,X,doubtful,"uncertain findspot, or not accepted as ogham",findspot; no edition text,,,,empty,An Leathfhearann Theas | Laharan South 2,Laharan South (An Leathfhearann Theas),Co. Kerry,,,,missing
I-KER-X10,X,doubtful,"uncertain findspot, or not accepted as ogham",no edition text,,,,empty,Cathair Néid |Cahernead,Cahernead,Co. Kerry,,"52.365387, -9.711402",,asserted
I-MAY-X02,X,doubtful,"uncertain findspot, or not accepted as ogham",no edition text,,KEELW/1,https://www.ucl.ac.uk/archaeology/cisp/database/stone/keelw_1.html,ok,An Caol Thiar | Keel West,Keel West,Co. Mayo,National Museum of Ireland,"53.968912, -10.202474",https://www.logainm.ie/ga/37548,asserted
E-CON-X01,X,doubtful,"uncertain findspot, or not accepted as ogham",no edition text,,LWNCC/1,https://www.ucl.ac.uk/archaeology/cisp/database/stone/lwncc_1.html,ok,Lewannick 3,Lewannick,Cornwall,,"50.594025, -4.445619",,asserted
E-DEV-X01,X,doubtful,"uncertain findspot, or not accepted as ogham",no edition text,,,,none,Brendon,Brendon,Devon,,"51.199733, -3.810378",,asserted
S-ORK-X01,X,doubtful,"uncertain findspot, or not accepted as ogham",no edition text,,,,none,Pool 2,Sanday,Orkney,Orkney Museum,"59.225556, -2.668612",,asserted
W-PEM-X02,X,doubtful,"uncertain findspot, or not accepted as ogham",findspot,429,CLYDI/2,https://www.ucl.ac.uk/archaeology/cisp/database/stone/clydi_2.html,ok,Clydai 1,Clydau,Pembrokeshire,,Coordinates unknown,,textual_only
